{"cameraMode":{"drawMode":0,"name":"Shaded","section":"Shading Mode"},"sceneLighting":false,"audioPlay":false,"sceneViewState":{"m_AlwaysRefresh":false,"showFog":true,"showSkybox":false,"showFlares":true,"showImageEffects":true,"showParticleSystems":true,"showVisualEffectGraphs":true,"m_FxEnabled":true},"in2DMode":false,"pivot":{"x":0.6779583692550659,"y":0.22022652626037599,"z":0.4297218918800354},"rotation":{"x":-0.3152557909488678,"y":0.4531327188014984,"z":-0.1752362996339798,"w":-0.8152243494987488},"size":1.1722266674041749,"orthographic":false}