{"cameraMode":{"drawMode":0,"name":"Shaded","section":"Shading Mode"},"sceneLighting":false,"audioPlay":false,"sceneViewState":{"m_AlwaysRefresh":false,"showFog":true,"showSkybox":false,"showFlares":true,"showImageEffects":true,"showParticleSystems":true,"showVisualEffectGraphs":true,"m_FxEnabled":true},"in2DMode":false,"pivot":{"x":5.386261940002441,"y":10.746055603027344,"z":-1.6606489419937134},"rotation":{"x":0.4396457374095917,"y":-0.34053581953048708,"z":0.1847209334373474,"w":0.8103340268135071},"size":0.42679494619369509,"orthographic":false}